Workbook

Sheet Campaigns
A1: MACROGEN IBEROAMÉRICA · Email Performance · Q1 2026
A2: 17 campaigns · Brevo · Feb 4 — May 12, 2026 · Generated May 18, 2026
A4: # | B4: Campaign Name | C4: Sent Date | D4: Time | E4: Subject Line | F4: Sender | G4: Region | H4: Delivered | I4: Delivery % | J4: Opens | K4: Open % | L4: Clicks | M4: Click % | N4: Clicks/Open | O4: Quality Flag | P4: Unsubs | Q4: Unsub % | R4: Est. True CTR | S4: Notes
A5: 62 | B5: Año nuevo lunar 2026 | C5: 2026-03-13 | D5: 13:59 | E5: Deseándole éxito en este nuevo año lunar | F5: info-chile@macrogen.com | G5: Chile | H5: 13714 | I5: 0.9677 | J5: 5008 | K5: =J5/H5 -> 0.36517427 | L5: 4826 | M5: =L5/H5 -> 0.35190316 | N5: =IF(J5=0,0,L5/J5) -> 0.96365815 | O5: =IF(L5=0,"❌ Broken links",IF(N5>3,"🚨 Bot inflated 3x+",IF(N5>1.5,"⚠ Bot moderate","✓ Clean"))) -> ✓ Clean | P5: 60 | Q5: =P5/H5 -> 0.0043750911 | R5: =IF(L5=0,0,IF(N5>1.5,J5*0.15/H5,L5/H5)) -> 0.35190316
A6: 57 | B6: Aplicaciones NGS ESPAÑA | C6: 2026-04-23 | D6: 10:32 | E6: Arquitectura Genómica 360°: El futuro de su investigación | F6: info-spain@macrogen.com | G6: Spain | H6: 20738 | I6: 0.9444 | J6: 7731 | K6: =J6/H6 -> 0.3727939 | L6: 6302 | M6: =L6/H6 -> 0.30388659 | N6: =IF(J6=0,0,L6/J6) -> 0.81515975 | O6: =IF(L6=0,"❌ Broken links",IF(N6>3,"🚨 Bot inflated 3x+",IF(N6>1.5,"⚠ Bot moderate","✓ Clean"))) -> ✓ Clean | P6: 79 | Q6: =P6/H6 -> 0.003809432 | R6: =IF(L6=0,0,IF(N6>1.5,J6*0.15/H6,L6/H6)) -> 0.30388659
A7: 67 | B7: April_promo_01-04_Chile | C7: 2026-03-30 | D7: 09:43 | E7: Campaña de primavera | F7: info-chile@macrogen.com | G7: Chile | H7: 13498 | I7: 0.9675 | J7: 3903 | K7: =J7/H7 -> 0.28915395 | L7: 6743 | M7: =L7/H7 -> 0.49955549 | N7: =IF(J7=0,0,L7/J7) -> 1.7276454 | O7: =IF(L7=0,"❌ Broken links",IF(N7>3,"🚨 Bot inflated 3x+",IF(N7>1.5,"⚠ Bot moderate","✓ Clean"))) -> ⚠ Bot moderate | P7: 58 | Q7: =P7/H7 -> 0.0042969329 | R7: =IF(L7=0,0,IF(N7>1.5,J7*0.15/H7,L7/H7)) -> 0.043373092
A8: 66 | B8: April_promo_01-04 (Spain) | C8: 2026-03-30 | D8: 09:11 | E8: Campaña de primavera en Macrogen | F8: info-spain@macrogen.com | G8: Spain | H8: 21383 | I8: 0.9374 | J8: 6095 | K8: =J8/H8 -> 0.28503952 | L8: 0 | M8: =L8/H8 -> 0 | N8: =IF(J8=0,0,L8/J8) -> 0 | O8: =IF(L8=0,"❌ Broken links",IF(N8>3,"🚨 Bot inflated 3x+",IF(N8>1.5,"⚠ Bot moderate","✓ Clean"))) -> ❌ Broken links | P8: 140 | Q8: =P8/H8 -> 0.0065472572 | R8: =IF(L8=0,0,IF(N8>1.5,J8*0.15/H8,L8/H8)) -> 0 | S8: 🚨 Broken links — audit HTML
A9: 59 | B9: En febrero, ¡Seguímos Secuenciando! | C9: 2026-02-05 | D9: 22:32 | E9: En febrero, ¡Seguímos Secuenciando! | F9: info-chile@macrogen.com | G9: Chile | H9: 13690 | I9: 0.8469 | J9: 4251 | K9: =J9/H9 -> 0.31051863 | L9: 8497 | M9: =L9/H9 -> 0.62067202 | N9: =IF(J9=0,0,L9/J9) -> 1.9988238 | O9: =IF(L9=0,"❌ Broken links",IF(N9>3,"🚨 Bot inflated 3x+",IF(N9>1.5,"⚠ Bot moderate","✓ Clean"))) -> ⚠ Bot moderate | P9: 112 | Q9: =P9/H9 -> 0.0081811541 | R9: =IF(L9=0,0,IF(N9>1.5,J9*0.15/H9,L9/H9)) -> 0.046577794 | S9: ⚠ Low delivery — list hygiene
A10: 65 | B10: Fragment y Bienvenida Francisco | C10: 2026-03-27 | D10: 15:27 | E10: Solución completa para Análisis de Fragmentos | F10: info-chile@macrogen.com | G10: Chile | H10: 13573 | I10: 0.9669 | J10: 4182 | K10: =J10/H10 -> 0.30811169 | L10: 12771 | M10: =L10/H10 -> 0.9409121 | N10: =IF(J10=0,0,L10/J10) -> 3.053802 | O10: =IF(L10=0,"❌ Broken links",IF(N10>3,"🚨 Bot inflated 3x+",IF(N10>1.5,"⚠ Bot moderate","✓ Clean"))) -> 🚨 Bot inflated 3x+ | P10: 61 | Q10: =P10/H10 -> 0.0044942165 | R10: =IF(L10=0,0,IF(N10>1.5,J10*0.15/H10,L10/H10)) -> 0.046216754 | S10: Inflated by security bots
A11: 63 | B11: Recordatorio Prepagos | C11: 2026-03-23 | D11: 14:11 | E11: Prepago Macrogen: Simplificando tu proceso administrativo | F11: info-chile@macrogen.com | G11: Chile | H11: 13618 | I11: 0.966 | J11: 4192 | K11: =J11/H11 -> 0.30782787 | L11: 10645 | M11: =L11/H11 -> 0.781686 | N11: =IF(J11=0,0,L11/J11) -> 2.5393607 | O11: =IF(L11=0,"❌ Broken links",IF(N11>3,"🚨 Bot inflated 3x+",IF(N11>1.5,"⚠ Bot moderate","✓ Clean"))) -> ⚠ Bot moderate | P11: 43 | Q11: =P11/H11 -> 0.0031575855 | R11: =IF(L11=0,0,IF(N11>1.5,J11*0.15/H11,L11/H11)) -> 0.046174181
A12: 58 | B12: March_Discount (Spain) | C12: 2026-02-04 | D12: 09:57 | E12: Oferta Macrogen: Algo que creemos que te gustará | F12: macrogenmad@gmail.com | G12: Spain | H12: 1132 | I12: 0.9465 | J12: 564 | K12: =J12/H12 -> 0.49823322 | L12: 0 | M12: =L12/H12 -> 0 | N12: =IF(J12=0,0,L12/J12) -> 0 | O12: =IF(L12=0,"❌ Broken links",IF(N12>3,"🚨 Bot inflated 3x+",IF(N12>1.5,"⚠ Bot moderate","✓ Clean"))) -> ❌ Broken links | P12: 6 | Q12: =P12/H12 -> 0.0053003534 | R12: =IF(L12=0,0,IF(N12>1.5,J12*0.15/H12,L12/H12)) -> 0 | S12: 🚨 Broken links — audit HTML
A13: 61 | B13: March_Discount_copy (Spain) | C13: 2026-02-26 | D13: 11:40 | E13: Oferta Macrogen: Descuentos Marzo | F13: info-spain@macrogen.com | G13: Spain | H13: 14974 | I13: 0.9201 | J13: 8093 | K13: =J13/H13 -> 0.54047015 | L13: 0 | M13: =L13/H13 -> 0 | N13: =IF(J13=0,0,L13/J13) -> 0 | O13: =IF(L13=0,"❌ Broken links",IF(N13>3,"🚨 Bot inflated 3x+",IF(N13>1.5,"⚠ Bot moderate","✓ Clean"))) -> ❌ Broken links | P13: 118 | Q13: =P13/H13 -> 0.0078803259 | R13: =IF(L13=0,0,IF(N13>1.5,J13*0.15/H13,L13/H13)) -> 0 | S13: 🚨 Broken links — audit HTML
A14: 68 | B14: March madness | C14: 2026-03-31 | D14: 16:51 | E14: Un regalo para su laboratorio: voucher gratuito de secuenciación | F14: jaykim@macrogen.com | G14: Chile | H14: 13511 | I14: 0.9664 | J14: 4676 | K14: =J14/H14 -> 0.34608837 | L14: 13928 | M14: =L14/H14 -> 1.0308637 | N14: =IF(J14=0,0,L14/J14) -> 2.9786142 | O14: =IF(L14=0,"❌ Broken links",IF(N14>3,"🚨 Bot inflated 3x+",IF(N14>1.5,"⚠ Bot moderate","✓ Clean"))) -> ⚠ Bot moderate | P14: 58 | Q14: =P14/H14 -> 0.0042927985 | R14: =IF(L14=0,0,IF(N14>1.5,J14*0.15/H14,L14/H14)) -> 0.051913256
A15: 60 | B15: NGS 10% Otoño 2026 (Chile) | C15: 2026-02-26 | D15: 14:00 | E15: ¡Aprovecha tu descuento en NGS! | F15: info-chile@macrogen.com | G15: Chile | H15: 13897 | I15: 0.9734 | J15: 4740 | K15: =J15/H15 -> 0.34108081 | L15: 9513 | M15: =L15/H15 -> 0.68453623 | N15: =IF(J15=0,0,L15/J15) -> 2.006962 | O15: =IF(L15=0,"❌ Broken links",IF(N15>3,"🚨 Bot inflated 3x+",IF(N15>1.5,"⚠ Bot moderate","✓ Clean"))) -> ⚠ Bot moderate | P15: 85 | Q15: =P15/H15 -> 0.006116428 | R15: =IF(L15=0,0,IF(N15>1.5,J15*0.15/H15,L15/H15)) -> 0.051162121
A16: 77 | B16: Arquitectura Genómica 360° (Chile) | C16: 2026-04-23 | D16: 16:03 | E16: Arquitectura Genómica 360°: El futuro de su investigación | F16: info-chile@macrogen.com | G16: Chile | H16: 13362 | I16: 0.9672 | J16: 3434 | K16: =J16/H16 -> 0.25699746 | L16: 17879 | M16: =L16/H16 -> 1.3380482 | N16: =IF(J16=0,0,L16/J16) -> 5.2064648 | O16: =IF(L16=0,"❌ Broken links",IF(N16>3,"🚨 Bot inflated 3x+",IF(N16>1.5,"⚠ Bot moderate","✓ Clean"))) -> 🚨 Bot inflated 3x+ | P16: 33 | Q16: =P16/H16 -> 0.0024696902 | R16: =IF(L16=0,0,IF(N16>1.5,J16*0.15/H16,L16/H16)) -> 0.038549618 | S16: Inflated by security bots
A17: 78 | B17: Bioinformatics_Chile | C17: 2026-05-12 | D17: 16:37 | E17: ¿Sus datos NGS están listos para una revista Q1? | F17: info-chile@macrogen.com | G17: Chile | H17: 13312 | I17: 0.9677 | J17: 3939 | K17: =J17/H17 -> 0.29589844 | L17: 17531 | M17: =L17/H17 -> 1.3169321 | N17: =IF(J17=0,0,L17/J17) -> 4.450622 | O17: =IF(L17=0,"❌ Broken links",IF(N17>3,"🚨 Bot inflated 3x+",IF(N17>1.5,"⚠ Bot moderate","✓ Clean"))) -> 🚨 Bot inflated 3x+ | P17: 20 | Q17: =P17/H17 -> 0.0015024038 | R17: =IF(L17=0,0,IF(N17>1.5,J17*0.15/H17,L17/H17)) -> 0.044384766 | S17: Inflated by security bots
A18: 79 | B18: Bioinformatica_Macrogen_España | C18: 2026-05-12 | D18: 11:33 | E18: No dejes tus datos en el disco duro: Pásalos a la acción | F18: info-spain@macrogen.com | G18: Spain | H18: 20853 | I18: 0.9581 | J18: 5819 | K18: =J18/H18 -> 0.27904858 | L18: 900 | M18: =L18/H18 -> 0.043159258 | N18: =IF(J18=0,0,L18/J18) -> 0.15466575 | O18: =IF(L18=0,"❌ Broken links",IF(N18>3,"🚨 Bot inflated 3x+",IF(N18>1.5,"⚠ Bot moderate","✓ Clean"))) -> ✓ Clean | P18: 56 | Q18: =P18/H18 -> 0.0026854649 | R18: =IF(L18=0,0,IF(N18>1.5,J18*0.15/H18,L18/H18)) -> 0.043159258
A19: 75 | B19: Macrogen NGS Services | C19: 2026-04-16 | D19: 21:22 | E19: Servicios de Metagenómica NGS - Macrogen Chile | F19: info-chile@macrogen.com | G19: Chile | H19: 13381 | I19: 0.9676 | J19: 3684 | K19: =J19/H19 -> 0.27531575 | L19: 18905 | M19: =L19/H19 -> 1.4128242 | N19: =IF(J19=0,0,L19/J19) -> 5.1316504 | O19: =IF(L19=0,"❌ Broken links",IF(N19>3,"🚨 Bot inflated 3x+",IF(N19>1.5,"⚠ Bot moderate","✓ Clean"))) -> 🚨 Bot inflated 3x+ | P19: 9 | Q19: =P19/H19 -> 0.00067259547 | R19: =IF(L19=0,0,IF(N19>1.5,J19*0.15/H19,L19/H19)) -> 0.041297362 | S19: Inflated by security bots
A20: 70 | B20: Sanger Sequencing Chile | C20: 2026-04-09 | D20: 23:11 | E20: Nuevo Consultor de Proyectos e Información General sobre Servicios | F20: francisco@macrogen.com | G20: Chile | H20: 13303 | I20: 0.9672 | J20: 5700 | K20: =J20/H20 -> 0.42847478 | L20: 14576 | M20: =L20/H20 -> 1.0956927 | N20: =IF(J20=0,0,L20/J20) -> 2.557193 | O20: =IF(L20=0,"❌ Broken links",IF(N20>3,"🚨 Bot inflated 3x+",IF(N20>1.5,"⚠ Bot moderate","✓ Clean"))) -> ⚠ Bot moderate | P20: 58 | Q20: =P20/H20 -> 0.0043599188 | R20: =IF(L20=0,0,IF(N20>1.5,J20*0.15/H20,L20/H20)) -> 0.064271217
A21: 69 | B21: Suport Tecnico Chile | C21: 2026-04-06 | D21: 15:57 | E21: [AVISO] Actualización de políticas de almacenamiento y datos | F21: support-chile@macrogen.com | G21: Chile | H21: 2570 | I21: 0.982 | J21: 1295 | K21: =J21/H21 -> 0.50389105 | L21: 147 | M21: =L21/H21 -> 0.057198444 | N21: =IF(J21=0,0,L21/J21) -> 0.11351351 | O21: =IF(L21=0,"❌ Broken links",IF(N21>3,"🚨 Bot inflated 3x+",IF(N21>1.5,"⚠ Bot moderate","✓ Clean"))) -> ✓ Clean | P21: 8 | Q21: =P21/H21 -> 0.0031128405 | R21: =IF(L21=0,0,IF(N21>1.5,J21*0.15/H21,L21/H21)) -> 0.057198444
A23: TOTALS | H23: =SUM(H5:H21) -> 230509 | I23: =AVERAGE(I5:I21) -> 0.95370588 | J23: =SUM(J5:J21) -> 77306 | K23: =J23/H23 -> 0.33537085 | L23: =SUM(L5:L21) -> 143163 | M23: =L23/H23 -> 0.62107336 | N23: =IF(J23=0,0,L23/J23) -> 1.8519002 | P23: =SUM(P5:P21) -> 1004 | Q23: =P23/H23 -> 0.0043555783

Sheet Rankings
A1: RANKINGS · Top & Bottom Performers
A3: 🏆 TOP 5 · BY OPEN RATE
A4: # | B4: Campaign | C4: Subject | D4: Region | E4: Open Rate
A5: 61 | B5: March_Discount_copy (Spain) | C5: Oferta Macrogen: Descuentos Marzo | D5: Spain | E5: 0.54047015
A6: 69 | B6: Suport Tecnico Chile | C6: [AVISO] Actualización de políticas de almacenamiento y datos | D6: Chile | E6: 0.50389105
A7: 58 | B7: March_Discount (Spain) | C7: Oferta Macrogen: Algo que creemos que te gustará | D7: Spain | E7: 0.49823322
A8: 70 | B8: Sanger Sequencing Chile | C8: Nuevo Consultor de Proyectos e Información General sobre Servicios | D8: Chile | E8: 0.42847478
A9: 57 | B9: Aplicaciones NGS ESPAÑA | C9: Arquitectura Genómica 360°: El futuro de su investigación | D9: Spain | E9: 0.3727939
A11: 📉 BOTTOM 3 · BY OPEN RATE
A12: # | B12: Campaign | C12: Subject | D12: Region | E12: Open Rate
A13: 79 | B13: Bioinformatica_Macrogen_España | C13: No dejes tus datos en el disco duro: Pásalos a la acción | D13: Spain | E13: 0.27904858
A14: 75 | B14: Macrogen NGS Services | C14: Servicios de Metagenómica NGS - Macrogen Chile | D14: Chile | E14: 0.27531575
A15: 77 | B15: Arquitectura Genómica 360° (Chile) | C15: Arquitectura Genómica 360°: El futuro de su investigación | D15: Chile | E15: 0.25699746
A17: 🚨 NEEDS ATTENTION · Broken or Bot-Inflated
A18: # | B18: Campaign | C18: Subject | D18: Region | E18: Issue
A19: 67 | B19: April_promo_01-04_Chile | C19: Campaña de primavera | D19: Chile | E19: ⚠ 1.7x bots
A20: 66 | B20: April_promo_01-04 (Spain) | C20: Campaña de primavera en Macrogen | D20: Spain | E20: ❌ Zero clicks
A21: 59 | B21: En febrero, ¡Seguímos Secuenciando! | C21: En febrero, ¡Seguímos Secuenciando! | D21: Chile | E21: ⚠ 2.0x bots
A22: 65 | B22: Fragment y Bienvenida Francisco | C22: Solución completa para Análisis de Fragmentos | D22: Chile | E22: 🚨 3.1x bots
A23: 63 | B23: Recordatorio Prepagos | C23: Prepago Macrogen: Simplificando tu proceso administrativo | D23: Chile | E23: ⚠ 2.5x bots
A24: 58 | B24: March_Discount (Spain) | C24: Oferta Macrogen: Algo que creemos que te gustará | D24: Spain | E24: ❌ Zero clicks
A25: 61 | B25: March_Discount_copy (Spain) | C25: Oferta Macrogen: Descuentos Marzo | D25: Spain | E25: ❌ Zero clicks
A26: 68 | B26: March madness | C26: Un regalo para su laboratorio: voucher gratuito de secuenciación | D26: Chile | E26: ⚠ 3.0x bots
A27: 60 | B27: NGS 10% Otoño 2026 (Chile) | C27: ¡Aprovecha tu descuento en NGS! | D27: Chile | E27: ⚠ 2.0x bots
A28: 77 | B28: Arquitectura Genómica 360° (Chile) | C28: Arquitectura Genómica 360°: El futuro de su investigación | D28: Chile | E28: 🚨 5.2x bots
A29: 78 | B29: Bioinformatics_Chile | C29: ¿Sus datos NGS están listos para una revista Q1? | D29: Chile | E29: 🚨 4.5x bots
A30: 75 | B30: Macrogen NGS Services | C30: Servicios de Metagenómica NGS - Macrogen Chile | D30: Chile | E30: 🚨 5.1x bots
A31: 70 | B31: Sanger Sequencing Chile | C31: Nuevo Consultor de Proyectos e Información General sobre Servicios | D31: Chile | E31: ⚠ 2.6x bots
A34: 👤 SENDERS · Open rate avg
A35: # | B35: Sender Email | C35: Campaigns Sent | E35: Avg Open Rate
A36: 1 | B36: support-chile@macrogen.com | C36: 1 | E36: 0.50389105
A37: 2 | B37: macrogenmad@gmail.com | C37: 1 | E37: 0.49823322
A38: 3 | B38: francisco@macrogen.com | C38: 1 | E38: 0.42847478
A39: 4 | B39: info-spain@macrogen.com | C39: 4 | E39: 0.35585262
A40: 5 | B40: jaykim@macrogen.com | C40: 1 | E40: 0.34608837
A41: 6 | B41: info-chile@macrogen.com | C41: 9 | E41: 0.30589537

Sheet Regional
A1: REGIONAL SUMMARY · 🇨🇱 Chile vs 🇪🇸 Spain
A3: Metric | B3: 🇨🇱 Chile | C3: 🇪🇸 Spain | D3: Reading
A4: Campaigns sent | B4: =COUNTIF(Campaigns!G5:G21,"Chile") -> 12 | C4: =COUNTIF(Campaigns!G5:G21,"Spain") -> 5 | D4: Total volume by region
A5: Total delivered | B5: =SUMIF(Campaigns!G5:G21,"Chile",Campaigns!H5:H21) -> 151429 | C5: =SUMIF(Campaigns!G5:G21,"Spain",Campaigns!H5:H21) -> 79080 | D5: Cumulative reach
A6: Avg delivery rate | B6: =AVERAGEIF(Campaigns!G5:G21,"Chile",Campaigns!I5:I21) -> 0.958875 | C6: =AVERAGEIF(Campaigns!G5:G21,"Spain",Campaigns!I5:I21) -> 0.9413 | D6: Higher = cleaner list / better domain reputation
A7: Total opens | B7: =SUMIF(Campaigns!G5:G21,"Chile",Campaigns!J5:J21) -> 49004 | C7: =SUMIF(Campaigns!G5:G21,"Spain",Campaigns!J5:J21) -> 28302 | D7: Engagement volume
A8: Aggregate open rate | B8: =B7/B5 -> 0.3236104 | C8: =C7/C5 -> 0.35789074 | D8: Weighted by campaign size
A9: Total clicks (raw) | B9: =SUMIF(Campaigns!G5:G21,"Chile",Campaigns!L5:L21) -> 135961 | C9: =SUMIF(Campaigns!G5:G21,"Spain",Campaigns!L5:L21) -> 7202 | D9: Includes bot/scanner clicks
A10: Aggregate click rate (raw) | B10: =B9/B5 -> 0.89785312 | C10: =C9/C5 -> 0.091072332 | D10: ⚠ Chile inflated by security scanners
A11: Total unsubs | B11: =SUMIF(Campaigns!G5:G21,"Chile",Campaigns!P5:P21) -> 605 | C11: =SUMIF(Campaigns!G5:G21,"Spain",Campaigns!P5:P21) -> 399 | D11: Lower is better
A12: Aggregate unsub rate | B12: =B11/B5 -> 0.0039952717 | C12: =C11/C5 -> 0.0050455235 | D12: Benchmark <1% NGS industry
A13: Avg list size / campaign | B13: =B5/B4 -> 12619.083 | C13: =C5/C4 -> 15816 | D13: Spain ~1.5x bigger
A15: KEY INSIGHTS
A16: • Chile: smaller list (~13.5K) but higher delivery rate — cleaner subscriber base
A17: • Spain: 50% larger audience, slightly better open rates, BUT 3 campaigns with broken links
A18: • Chile click metrics inflated 3-5x by corporate email security scanners — enable bot filter in Brevo
A19: • Spain bioinformatics campaign #79 has clean 4.32% CTR — true benchmark for the segment
A20: • Personal-name senders (Francisco, Jay) outperform brand senders by 8-15 points in opens
